Run,Center,ReleaseDate,FileType,FileName,FileSize,Download_path,Experiment,Title,LibraryName,LibraryStrategy,LibrarySelection,LibrarySource,LibraryLayout,InsertSize,InsertDev,Platform,BioProject,BioSample,SampleType,TaxID,ScientificName,SampleName,Submission,Organization
CRR279139,NGDC,2021-06-18,10x genomics,CRR279139.tar,13728552960,ftp://download.big.ac.cn/gsa/CRA004082/CRR279139/CRR279139.tar,CRX235975,ID-2,,RNASeq,PolyA,TRANSCRIPTOMIC SINGLE CELL,Paired,,,ILLUMINA,PRJCA004855,SAMC350955,Plant sample,4530,Oryza sativa,ID-2,CRA004082,"Institute of Genetics and Developmental Biology, Chinese Academy of Sciences"
CRR279140,NGDC,2021-06-18,10x genomics,CRR279140.tar,11903825920,ftp://download.big.ac.cn/gsa/CRA004082/CRR279140/CRR279140.tar,CRX235975,ID-2,,RNASeq,PolyA,TRANSCRIPTOMIC SINGLE CELL,Paired,,,ILLUMINA,PRJCA004855,SAMC350955,Plant sample,4530,Oryza sativa,ID-2,CRA004082,"Institute of Genetics and Developmental Biology, Chinese Academy of Sciences"
CRR279141,NGDC,2021-06-18,10x genomics,CRR279141.tar,10844211200,ftp://download.big.ac.cn/gsa/CRA004082/CRR279141/CRR279141.tar,CRX235975,ID-2,,RNASeq,PolyA,TRANSCRIPTOMIC SINGLE CELL,Paired,,,ILLUMINA,PRJCA004855,SAMC350955,Plant sample,4530,Oryza sativa,ID-2,CRA004082,"Institute of Genetics and Developmental Biology, Chinese Academy of Sciences"
CRR279142,NGDC,2021-06-18,10x genomics,CRR279142.tar,11516846080,ftp://download.big.ac.cn/gsa/CRA004082/CRR279142/CRR279142.tar,CRX235975,ID-2,,RNASeq,PolyA,TRANSCRIPTOMIC SINGLE CELL,Paired,,,ILLUMINA,PRJCA004855,SAMC350955,Plant sample,4530,Oryza sativa,ID-2,CRA004082,"Institute of Genetics and Developmental Biology, Chinese Academy of Sciences"
CRR279083,NGDC,2021-06-18,10x genomics,CRR279083.tar,22801459200,ftp://download.big.ac.cn/gsa/CRA004082/CRR279083/CRR279083.tar,CRX235963,Quality control replicate 2,,RNASeq,PolyA,TRANSCRIPTOMIC SINGLE CELL,Paired,,,ILLUMINA,PRJCA004855,SAMC350943,Plant sample,1427524,mixed sample,Quality control replicate 2,CRA004082,"Institute of Genetics and Developmental Biology, Chinese Academy of Sciences"
CRR279084,NGDC,2021-06-18,10x genomics,CRR279084.tar,29201274880,ftp://download.big.ac.cn/gsa/CRA004082/CRR279084/CRR279084.tar,CRX235963,Quality control replicate 2,,RNASeq,PolyA,TRANSCRIPTOMIC SINGLE CELL,Paired,,,ILLUMINA,PRJCA004855,SAMC350943,Plant sample,1427524,mixed sample,Quality control replicate 2,CRA004082,"Institute of Genetics and Developmental Biology, Chinese Academy of Sciences"
CRR279085,NGDC,2021-06-18,10x genomics,CRR279085.tar,28073000960,ftp://download.big.ac.cn/gsa/CRA004082/CRR279085/CRR279085.tar,CRX235963,Quality control replicate 2,,RNASeq,PolyA,TRANSCRIPTOMIC SINGLE CELL,Paired,,,ILLUMINA,PRJCA004855,SAMC350943,Plant sample,1427524,mixed sample,Quality control replicate 2,CRA004082,"Institute of Genetics and Developmental Biology, Chinese Academy of Sciences"
CRR279086,NGDC,2021-06-18,10x genomics,CRR279086.tar,6595942400,ftp://download.big.ac.cn/gsa/CRA004082/CRR279086/CRR279086.tar,CRX235963,Quality control replicate 2,,RNASeq,PolyA,TRANSCRIPTOMIC SINGLE CELL,Paired,,,ILLUMINA,PRJCA004855,SAMC350943,Plant sample,1427524,mixed sample,Quality control replicate 2,CRA004082,"Institute of Genetics and Developmental Biology, Chinese Academy of Sciences"
CRR279147,NGDC,2021-06-18,10x genomics,CRR279147.tar,56774891520,ftp://download.big.ac.cn/gsa/CRA004082/CRR279147/CRR279147.tar,CRX235977,LN-3,,RNASeq,PolyA,TRANSCRIPTOMIC SINGLE CELL,Paired,,,ILLUMINA,PRJCA004855,SAMC350957,Plant sample,4530,Oryza sativa,LN-3,CRA004082,"Institute of Genetics and Developmental Biology, Chinese Academy of Sciences"
CRR279148,NGDC,2021-06-18,10x genomics,CRR279148.tar,41346099200,ftp://download.big.ac.cn/gsa/CRA004082/CRR279148/CRR279148.tar,CRX235977,LN-3,,RNASeq,PolyA,TRANSCRIPTOMIC SINGLE CELL,Paired,,,ILLUMINA,PRJCA004855,SAMC350957,Plant sample,4530,Oryza sativa,LN-3,CRA004082,"Institute of Genetics and Developmental Biology, Chinese Academy of Sciences"
CRR279149,NGDC,2021-06-18,10x genomics,CRR279149.tar,45978644480,ftp://download.big.ac.cn/gsa/CRA004082/CRR279149/CRR279149.tar,CRX235977,LN-3,,RNASeq,PolyA,TRANSCRIPTOMIC SINGLE CELL,Paired,,,ILLUMINA,PRJCA004855,SAMC350957,Plant sample,4530,Oryza sativa,LN-3,CRA004082,"Institute of Genetics and Developmental Biology, Chinese Academy of Sciences"
CRR279150,NGDC,2021-06-18,10x genomics,CRR279150.tar,44736665600,ftp://download.big.ac.cn/gsa/CRA004082/CRR279150/CRR279150.tar,CRX235977,LN-3,,RNASeq,PolyA,TRANSCRIPTOMIC SINGLE CELL,Paired,,,ILLUMINA,PRJCA004855,SAMC350957,Plant sample,4530,Oryza sativa,LN-3,CRA004082,"Institute of Genetics and Developmental Biology, Chinese Academy of Sciences"
CRR279178,NGDC,2021-06-18,fastq,CRR279178_f1.fastq.gz|CRR279178_r2.fastq.gz,2417529032|2686112088,ftp://download.big.ac.cn/gsa/CRA004082/CRR279178/CRR279178_f1.fastq.gz|ftp://download.big.ac.cn/gsa/CRA004082/CRR279178/CRR279178_r2.fastq.gz,CRX235987,Post-protoplasting replicate 2,,RNASeq,PolyA,TRANSCRIPTOMIC,Paired,,,ILLUMINA,PRJCA004855,SAMC350967,Plant sample,1427524,mixed sample,Post-protoplasting replicate 2,CRA004082,"Institute of Genetics and Developmental Biology, Chinese Academy of Sciences"
CRR279091,NGDC,2021-06-18,10x genomics,CRR279091.tar,26326476800,ftp://download.big.ac.cn/gsa/CRA004082/CRR279091/CRR279091.tar,CRX235965,Leaf-2,,RNASeq,PolyA,TRANSCRIPTOMIC SINGLE CELL,Paired,,,ILLUMINA,PRJCA004855,SAMC350945,Plant sample,4530,Oryza sativa,Leaf-2,CRA004082,"Institute of Genetics and Developmental Biology, Chinese Academy of Sciences"
CRR279092,NGDC,2021-06-18,10x genomics,CRR279092.tar,33466122240,ftp://download.big.ac.cn/gsa/CRA004082/CRR279092/CRR279092.tar,CRX235965,Leaf-2,,RNASeq,PolyA,TRANSCRIPTOMIC SINGLE CELL,Paired,,,ILLUMINA,PRJCA004855,SAMC350945,Plant sample,4530,Oryza sativa,Leaf-2,CRA004082,"Institute of Genetics and Developmental Biology, Chinese Academy of Sciences"
CRR279093,NGDC,2021-06-18,10x genomics,CRR279093.tar,25067100160,ftp://download.big.ac.cn/gsa/CRA004082/CRR279093/CRR279093.tar,CRX235965,Leaf-2,,RNASeq,PolyA,TRANSCRIPTOMIC SINGLE CELL,Paired,,,ILLUMINA,PRJCA004855,SAMC350945,Plant sample,4530,Oryza sativa,Leaf-2,CRA004082,"Institute of Genetics and Developmental Biology, Chinese Academy of Sciences"
CRR279094,NGDC,2021-06-18,10x genomics,CRR279094.tar,33078118400,ftp://download.big.ac.cn/gsa/CRA004082/CRR279094/CRR279094.tar,CRX235965,Leaf-2,,RNASeq,PolyA,TRANSCRIPTOMIC SINGLE CELL,Paired,,,ILLUMINA,PRJCA004855,SAMC350945,Plant sample,4530,Oryza sativa,Leaf-2,CRA004082,"Institute of Genetics and Developmental Biology, Chinese Academy of Sciences"
CRR279159,NGDC,2021-06-18,10x genomics,CRR279159.tar,81094400000,ftp://download.big.ac.cn/gsa/CRA004082/CRR279159/CRR279159.tar,CRX235980,Seedling-4,,RNASeq,PolyA,TRANSCRIPTOMIC SINGLE CELL,Paired,,,ILLUMINA,PRJCA004855,SAMC350960,Plant sample,4530,Oryza sativa,Seedling-4,CRA004082,"Institute of Genetics and Developmental Biology, Chinese Academy of Sciences"
CRR279160,NGDC,2021-06-18,10x genomics,CRR279160.tar,74629447680,ftp://download.big.ac.cn/gsa/CRA004082/CRR279160/CRR279160.tar,CRX235980,Seedling-4,,RNASeq,PolyA,TRANSCRIPTOMIC SINGLE CELL,Paired,,,ILLUMINA,PRJCA004855,SAMC350960,Plant sample,4530,Oryza sativa,Seedling-4,CRA004082,"Institute of Genetics and Developmental Biology, Chinese Academy of Sciences"
CRR279161,NGDC,2021-06-18,10x genomics,CRR279161.tar,83650150400,ftp://download.big.ac.cn/gsa/CRA004082/CRR279161/CRR279161.tar,CRX235980,Seedling-4,,RNASeq,PolyA,TRANSCRIPTOMIC SINGLE CELL,Paired,,,ILLUMINA,PRJCA004855,SAMC350960,Plant sample,4530,Oryza sativa,Seedling-4,CRA004082,"Institute of Genetics and Developmental Biology, Chinese Academy of Sciences"
CRR279162,NGDC,2021-06-18,10x genomics,CRR279162.tar,90121093120,ftp://download.big.ac.cn/gsa/CRA004082/CRR279162/CRR279162.tar,CRX235980,Seedling-4,,RNASeq,PolyA,TRANSCRIPTOMIC SINGLE CELL,Paired,,,ILLUMINA,PRJCA004855,SAMC350960,Plant sample,4530,Oryza sativa,Seedling-4,CRA004082,"Institute of Genetics and Developmental Biology, Chinese Academy of Sciences"
CRR279180,NGDC,2021-06-18,fastq,CRR279180_f1.fastq.gz|CRR279180_r2.fastq.gz,1675687356|1468046795,ftp://download.big.ac.cn/gsa/CRA004082/CRR279180/CRR279180_f1.fastq.gz|ftp://download.big.ac.cn/gsa/CRA004082/CRR279180/CRR279180_r2.fastq.gz,CRX235989,Mesophyll cell bulk RNA-seq (HS),,RNASeq,PolyA,TRANSCRIPTOMIC,Paired,,,ILLUMINA,PRJCA004855,SAMC350969,Plant sample,4530,Oryza sativa,Mesophyll cell bulk RNA-seq (HS),CRA004082,"Institute of Genetics and Developmental Biology, Chinese Academy of Sciences"
CRR279079,NGDC,2021-06-18,10x genomics,CRR279079.tar,18145556480,ftp://download.big.ac.cn/gsa/CRA004082/CRR279079/CRR279079.tar,CRX235962,Quality control replicate 1,,RNASeq,PolyA,TRANSCRIPTOMIC SINGLE CELL,Paired,,,ILLUMINA,PRJCA004855,SAMC350942,Plant sample,1427524,mixed sample,Quality control replicate 1,CRA004082,"Institute of Genetics and Developmental Biology, Chinese Academy of Sciences"
CRR279080,NGDC,2021-06-18,10x genomics,CRR279080.tar,16720629760,ftp://download.big.ac.cn/gsa/CRA004082/CRR279080/CRR279080.tar,CRX235962,Quality control replicate 1,,RNASeq,PolyA,TRANSCRIPTOMIC SINGLE CELL,Paired,,,ILLUMINA,PRJCA004855,SAMC350942,Plant sample,1427524,mixed sample,Quality control replicate 1,CRA004082,"Institute of Genetics and Developmental Biology, Chinese Academy of Sciences"
CRR279081,NGDC,2021-06-18,10x genomics,CRR279081.tar,18946396160,ftp://download.big.ac.cn/gsa/CRA004082/CRR279081/CRR279081.tar,CRX235962,Quality control replicate 1,,RNASeq,PolyA,TRANSCRIPTOMIC SINGLE CELL,Paired,,,ILLUMINA,PRJCA004855,SAMC350942,Plant sample,1427524,mixed sample,Quality control replicate 1,CRA004082,"Institute of Genetics and Developmental Biology, Chinese Academy of Sciences"
CRR279082,NGDC,2021-06-18,10x genomics,CRR279082.tar,18233221120,ftp://download.big.ac.cn/gsa/CRA004082/CRR279082/CRR279082.tar,CRX235962,Quality control replicate 1,,RNASeq,PolyA,TRANSCRIPTOMIC SINGLE CELL,Paired,,,ILLUMINA,PRJCA004855,SAMC350942,Plant sample,1427524,mixed sample,Quality control replicate 1,CRA004082,"Institute of Genetics and Developmental Biology, Chinese Academy of Sciences"
CRR279151,NGDC,2021-06-18,10x genomics,CRR279151.tar,46851522560,ftp://download.big.ac.cn/gsa/CRA004082/CRR279151/CRR279151.tar,CRX235978,HS-3,,RNASeq,PolyA,TRANSCRIPTOMIC SINGLE CELL,Paired,,,ILLUMINA,PRJCA004855,SAMC350958,Plant sample,4530,Oryza sativa,HS-3,CRA004082,"Institute of Genetics and Developmental Biology, Chinese Academy of Sciences"
CRR279152,NGDC,2021-06-18,10x genomics,CRR279152.tar,31367065600,ftp://download.big.ac.cn/gsa/CRA004082/CRR279152/CRR279152.tar,CRX235978,HS-3,,RNASeq,PolyA,TRANSCRIPTOMIC SINGLE CELL,Paired,,,ILLUMINA,PRJCA004855,SAMC350958,Plant sample,4530,Oryza sativa,HS-3,CRA004082,"Institute of Genetics and Developmental Biology, Chinese Academy of Sciences"
CRR279153,NGDC,2021-06-18,10x genomics,CRR279153.tar,35322593280,ftp://download.big.ac.cn/gsa/CRA004082/CRR279153/CRR279153.tar,CRX235978,HS-3,,RNASeq,PolyA,TRANSCRIPTOMIC SINGLE CELL,Paired,,,ILLUMINA,PRJCA004855,SAMC350958,Plant sample,4530,Oryza sativa,HS-3,CRA004082,"Institute of Genetics and Developmental Biology, Chinese Academy of Sciences"
CRR279154,NGDC,2021-06-18,10x genomics,CRR279154.tar,34374410240,ftp://download.big.ac.cn/gsa/CRA004082/CRR279154/CRR279154.tar,CRX235978,HS-3,,RNASeq,PolyA,TRANSCRIPTOMIC SINGLE CELL,Paired,,,ILLUMINA,PRJCA004855,SAMC350958,Plant sample,4530,Oryza sativa,HS-3,CRA004082,"Institute of Genetics and Developmental Biology, Chinese Academy of Sciences"
CRR279143,NGDC,2021-06-18,10x genomics,CRR279143.tar,36355819520,ftp://download.big.ac.cn/gsa/CRA004082/CRR279143/CRR279143.tar,CRX235976,Seedling-3,,RNASeq,PolyA,TRANSCRIPTOMIC SINGLE CELL,Paired,,,ILLUMINA,PRJCA004855,SAMC350956,Plant sample,4530,Oryza sativa,Seedling-3,CRA004082,"Institute of Genetics and Developmental Biology, Chinese Academy of Sciences"
CRR279144,NGDC,2021-06-18,10x genomics,CRR279144.tar,37210306560,ftp://download.big.ac.cn/gsa/CRA004082/CRR279144/CRR279144.tar,CRX235976,Seedling-3,,RNASeq,PolyA,TRANSCRIPTOMIC SINGLE CELL,Paired,,,ILLUMINA,PRJCA004855,SAMC350956,Plant sample,4530,Oryza sativa,Seedling-3,CRA004082,"Institute of Genetics and Developmental Biology, Chinese Academy of Sciences"
CRR279145,NGDC,2021-06-18,10x genomics,CRR279145.tar,30973122560,ftp://download.big.ac.cn/gsa/CRA004082/CRR279145/CRR279145.tar,CRX235976,Seedling-3,,RNASeq,PolyA,TRANSCRIPTOMIC SINGLE CELL,Paired,,,ILLUMINA,PRJCA004855,SAMC350956,Plant sample,4530,Oryza sativa,Seedling-3,CRA004082,"Institute of Genetics and Developmental Biology, Chinese Academy of Sciences"
CRR279146,NGDC,2021-06-18,10x genomics,CRR279146.tar,36100782080,ftp://download.big.ac.cn/gsa/CRA004082/CRR279146/CRR279146.tar,CRX235976,Seedling-3,,RNASeq,PolyA,TRANSCRIPTOMIC SINGLE CELL,Paired,,,ILLUMINA,PRJCA004855,SAMC350956,Plant sample,4530,Oryza sativa,Seedling-3,CRA004082,"Institute of Genetics and Developmental Biology, Chinese Academy of Sciences"
CRR279107,NGDC,2021-06-18,10x genomics,CRR279107.tar,24133079040,ftp://download.big.ac.cn/gsa/CRA004082/CRR279107/CRR279107.tar,CRX235969,LN-1,,RNASeq,PolyA,TRANSCRIPTOMIC SINGLE CELL,Paired,,,ILLUMINA,PRJCA004855,SAMC350949,Plant sample,4530,Oryza sativa,LN-1,CRA004082,"Institute of Genetics and Developmental Biology, Chinese Academy of Sciences"
CRR279108,NGDC,2021-06-18,10x genomics,CRR279108.tar,21322874880,ftp://download.big.ac.cn/gsa/CRA004082/CRR279108/CRR279108.tar,CRX235969,LN-1,,RNASeq,PolyA,TRANSCRIPTOMIC SINGLE CELL,Paired,,,ILLUMINA,PRJCA004855,SAMC350949,Plant sample,4530,Oryza sativa,LN-1,CRA004082,"Institute of Genetics and Developmental Biology, Chinese Academy of Sciences"
CRR279109,NGDC,2021-06-18,10x genomics,CRR279109.tar,26848911360,ftp://download.big.ac.cn/gsa/CRA004082/CRR279109/CRR279109.tar,CRX235969,LN-1,,RNASeq,PolyA,TRANSCRIPTOMIC SINGLE CELL,Paired,,,ILLUMINA,PRJCA004855,SAMC350949,Plant sample,4530,Oryza sativa,LN-1,CRA004082,"Institute of Genetics and Developmental Biology, Chinese Academy of Sciences"
CRR279110,NGDC,2021-06-18,10x genomics,CRR279110.tar,26082856960,ftp://download.big.ac.cn/gsa/CRA004082/CRR279110/CRR279110.tar,CRX235969,LN-1,,RNASeq,PolyA,TRANSCRIPTOMIC SINGLE CELL,Paired,,,ILLUMINA,PRJCA004855,SAMC350949,Plant sample,4530,Oryza sativa,LN-1,CRA004082,"Institute of Genetics and Developmental Biology, Chinese Academy of Sciences"
CRR279163,NGDC,2021-06-18,10x genomics,CRR279163.tar,87328112640,ftp://download.big.ac.cn/gsa/CRA004082/CRR279163/CRR279163.tar,CRX235981,LN-4,,RNASeq,PolyA,TRANSCRIPTOMIC SINGLE CELL,Paired,,,ILLUMINA,PRJCA004855,SAMC350961,Plant sample,4530,Oryza sativa,LN-4,CRA004082,"Institute of Genetics and Developmental Biology, Chinese Academy of Sciences"
CRR279164,NGDC,2021-06-18,10x genomics,CRR279164.tar,86161141760,ftp://download.big.ac.cn/gsa/CRA004082/CRR279164/CRR279164.tar,CRX235981,LN-4,,RNASeq,PolyA,TRANSCRIPTOMIC SINGLE CELL,Paired,,,ILLUMINA,PRJCA004855,SAMC350961,Plant sample,4530,Oryza sativa,LN-4,CRA004082,"Institute of Genetics and Developmental Biology, Chinese Academy of Sciences"
CRR279165,NGDC,2021-06-18,10x genomics,CRR279165.tar,75837388800,ftp://download.big.ac.cn/gsa/CRA004082/CRR279165/CRR279165.tar,CRX235981,LN-4,,RNASeq,PolyA,TRANSCRIPTOMIC SINGLE CELL,Paired,,,ILLUMINA,PRJCA004855,SAMC350961,Plant sample,4530,Oryza sativa,LN-4,CRA004082,"Institute of Genetics and Developmental Biology, Chinese Academy of Sciences"
CRR279166,NGDC,2021-06-18,10x genomics,CRR279166.tar,74936719360,ftp://download.big.ac.cn/gsa/CRA004082/CRR279166/CRR279166.tar,CRX235981,LN-4,,RNASeq,PolyA,TRANSCRIPTOMIC SINGLE CELL,Paired,,,ILLUMINA,PRJCA004855,SAMC350961,Plant sample,4530,Oryza sativa,LN-4,CRA004082,"Institute of Genetics and Developmental Biology, Chinese Academy of Sciences"
CRR279127,NGDC,2021-06-18,10x genomics,CRR279127.tar,34091171840,ftp://download.big.ac.cn/gsa/CRA004082/CRR279127/CRR279127.tar,CRX235973,LN-2,,RNASeq,PolyA,TRANSCRIPTOMIC SINGLE CELL,Paired,,,ILLUMINA,PRJCA004855,SAMC350953,Plant sample,4530,Oryza sativa,LN-2,CRA004082,"Institute of Genetics and Developmental Biology, Chinese Academy of Sciences"
CRR279128,NGDC,2021-06-18,10x genomics,CRR279128.tar,47781724160,ftp://download.big.ac.cn/gsa/CRA004082/CRR279128/CRR279128.tar,CRX235973,LN-2,,RNASeq,PolyA,TRANSCRIPTOMIC SINGLE CELL,Paired,,,ILLUMINA,PRJCA004855,SAMC350953,Plant sample,4530,Oryza sativa,LN-2,CRA004082,"Institute of Genetics and Developmental Biology, Chinese Academy of Sciences"
CRR279129,NGDC,2021-06-18,10x genomics,CRR279129.tar,37726105600,ftp://download.big.ac.cn/gsa/CRA004082/CRR279129/CRR279129.tar,CRX235973,LN-2,,RNASeq,PolyA,TRANSCRIPTOMIC SINGLE CELL,Paired,,,ILLUMINA,PRJCA004855,SAMC350953,Plant sample,4530,Oryza sativa,LN-2,CRA004082,"Institute of Genetics and Developmental Biology, Chinese Academy of Sciences"
CRR279130,NGDC,2021-06-18,10x genomics,CRR279130.tar,40216084480,ftp://download.big.ac.cn/gsa/CRA004082/CRR279130/CRR279130.tar,CRX235973,LN-2,,RNASeq,PolyA,TRANSCRIPTOMIC SINGLE CELL,Paired,,,ILLUMINA,PRJCA004855,SAMC350953,Plant sample,4530,Oryza sativa,LN-2,CRA004082,"Institute of Genetics and Developmental Biology, Chinese Academy of Sciences"
CRR279131,NGDC,2021-06-18,10x genomics,CRR279131.tar,720035840,ftp://download.big.ac.cn/gsa/CRA004082/CRR279131/CRR279131.tar,CRX235973,LN-2,,RNASeq,PolyA,TRANSCRIPTOMIC SINGLE CELL,Paired,,,ILLUMINA,PRJCA004855,SAMC350953,Plant sample,4530,Oryza sativa,LN-2,CRA004082,"Institute of Genetics and Developmental Biology, Chinese Academy of Sciences"
CRR279132,NGDC,2021-06-18,10x genomics,CRR279132.tar,1016279040,ftp://download.big.ac.cn/gsa/CRA004082/CRR279132/CRR279132.tar,CRX235973,LN-2,,RNASeq,PolyA,TRANSCRIPTOMIC SINGLE CELL,Paired,,,ILLUMINA,PRJCA004855,SAMC350953,Plant sample,4530,Oryza sativa,LN-2,CRA004082,"Institute of Genetics and Developmental Biology, Chinese Academy of Sciences"
CRR279133,NGDC,2021-06-18,10x genomics,CRR279133.tar,800348160,ftp://download.big.ac.cn/gsa/CRA004082/CRR279133/CRR279133.tar,CRX235973,LN-2,,RNASeq,PolyA,TRANSCRIPTOMIC SINGLE CELL,Paired,,,ILLUMINA,PRJCA004855,SAMC350953,Plant sample,4530,Oryza sativa,LN-2,CRA004082,"Institute of Genetics and Developmental Biology, Chinese Academy of Sciences"
CRR279134,NGDC,2021-06-18,10x genomics,CRR279134.tar,851578880,ftp://download.big.ac.cn/gsa/CRA004082/CRR279134/CRR279134.tar,CRX235973,LN-2,,RNASeq,PolyA,TRANSCRIPTOMIC SINGLE CELL,Paired,,,ILLUMINA,PRJCA004855,SAMC350953,Plant sample,4530,Oryza sativa,LN-2,CRA004082,"Institute of Genetics and Developmental Biology, Chinese Academy of Sciences"
CRR279179,NGDC,2021-06-18,fastq,CRR279179_f1.fastq.gz|CRR279179_r2.fastq.gz,1952063912|2016593574,ftp://download.big.ac.cn/gsa/CRA004082/CRR279179/CRR279179_f1.fastq.gz|ftp://download.big.ac.cn/gsa/CRA004082/CRR279179/CRR279179_r2.fastq.gz,CRX235988,Mesophyll cell bulk RNA-seq (Ctrl),,RNASeq,PolyA,TRANSCRIPTOMIC,Paired,,,ILLUMINA,PRJCA004855,SAMC350968,Plant sample,4530,Oryza sativa,Mesophyll cell bulk RNA-seq (Ctrl),CRA004082,"Institute of Genetics and Developmental Biology, Chinese Academy of Sciences"
CRR279111,NGDC,2021-06-18,10x genomics,CRR279111.tar,28270704640,ftp://download.big.ac.cn/gsa/CRA004082/CRR279111/CRR279111.tar,CRX235970,HS-1,,RNASeq,PolyA,TRANSCRIPTOMIC SINGLE CELL,Paired,,,ILLUMINA,PRJCA004855,SAMC350950,Plant sample,4530,Oryza sativa,HS-1,CRA004082,"Institute of Genetics and Developmental Biology, Chinese Academy of Sciences"
CRR279112,NGDC,2021-06-18,10x genomics,CRR279112.tar,26995619840,ftp://download.big.ac.cn/gsa/CRA004082/CRR279112/CRR279112.tar,CRX235970,HS-1,,RNASeq,PolyA,TRANSCRIPTOMIC SINGLE CELL,Paired,,,ILLUMINA,PRJCA004855,SAMC350950,Plant sample,4530,Oryza sativa,HS-1,CRA004082,"Institute of Genetics and Developmental Biology, Chinese Academy of Sciences"
CRR279113,NGDC,2021-06-18,10x genomics,CRR279113.tar,31785707520,ftp://download.big.ac.cn/gsa/CRA004082/CRR279113/CRR279113.tar,CRX235970,HS-1,,RNASeq,PolyA,TRANSCRIPTOMIC SINGLE CELL,Paired,,,ILLUMINA,PRJCA004855,SAMC350950,Plant sample,4530,Oryza sativa,HS-1,CRA004082,"Institute of Genetics and Developmental Biology, Chinese Academy of Sciences"
CRR279114,NGDC,2021-06-18,10x genomics,CRR279114.tar,29229905920,ftp://download.big.ac.cn/gsa/CRA004082/CRR279114/CRR279114.tar,CRX235970,HS-1,,RNASeq,PolyA,TRANSCRIPTOMIC SINGLE CELL,Paired,,,ILLUMINA,PRJCA004855,SAMC350950,Plant sample,4530,Oryza sativa,HS-1,CRA004082,"Institute of Genetics and Developmental Biology, Chinese Academy of Sciences"
CRR279167,NGDC,2021-06-18,10x genomics,CRR279167.tar,61400576000,ftp://download.big.ac.cn/gsa/CRA004082/CRR279167/CRR279167.tar,CRX235982,HS-4,,RNASeq,PolyA,TRANSCRIPTOMIC SINGLE CELL,Paired,,,ILLUMINA,PRJCA004855,SAMC350962,Plant sample,4530,Oryza sativa,HS-4,CRA004082,"Institute of Genetics and Developmental Biology, Chinese Academy of Sciences"
CRR279168,NGDC,2021-06-18,10x genomics,CRR279168.tar,55022489600,ftp://download.big.ac.cn/gsa/CRA004082/CRR279168/CRR279168.tar,CRX235982,HS-4,,RNASeq,PolyA,TRANSCRIPTOMIC SINGLE CELL,Paired,,,ILLUMINA,PRJCA004855,SAMC350962,Plant sample,4530,Oryza sativa,HS-4,CRA004082,"Institute of Genetics and Developmental Biology, Chinese Academy of Sciences"
CRR279169,NGDC,2021-06-18,10x genomics,CRR279169.tar,57830318080,ftp://download.big.ac.cn/gsa/CRA004082/CRR279169/CRR279169.tar,CRX235982,HS-4,,RNASeq,PolyA,TRANSCRIPTOMIC SINGLE CELL,Paired,,,ILLUMINA,PRJCA004855,SAMC350962,Plant sample,4530,Oryza sativa,HS-4,CRA004082,"Institute of Genetics and Developmental Biology, Chinese Academy of Sciences"
CRR279170,NGDC,2021-06-18,10x genomics,CRR279170.tar,50792048640,ftp://download.big.ac.cn/gsa/CRA004082/CRR279170/CRR279170.tar,CRX235982,HS-4,,RNASeq,PolyA,TRANSCRIPTOMIC SINGLE CELL,Paired,,,ILLUMINA,PRJCA004855,SAMC350962,Plant sample,4530,Oryza sativa,HS-4,CRA004082,"Institute of Genetics and Developmental Biology, Chinese Academy of Sciences"
CRR279176,NGDC,2021-06-18,fastq,CRR279176_f1.fastq.gz|CRR279176_r2.fastq.gz,2346883116|2564137318,ftp://download.big.ac.cn/gsa/CRA004082/CRR279176/CRR279176_f1.fastq.gz|ftp://download.big.ac.cn/gsa/CRA004082/CRR279176/CRR279176_r2.fastq.gz,CRX235985,Pre-protoplasting replicate 2,,RNASeq,PolyA,TRANSCRIPTOMIC,Paired,,,ILLUMINA,PRJCA004855,SAMC350965,Plant sample,1427524,mixed sample,Pre-protoplasting replicate 2,CRA004082,"Institute of Genetics and Developmental Biology, Chinese Academy of Sciences"
CRR279087,NGDC,2021-06-18,10x genomics,CRR279087.tar,4921610240,ftp://download.big.ac.cn/gsa/CRA004082/CRR279087/CRR279087.tar,CRX235964,Leaf-1,,RNASeq,PolyA,TRANSCRIPTOMIC SINGLE CELL,Paired,,,ILLUMINA,PRJCA004855,SAMC350944,Plant sample,4530,Oryza sativa,Leaf-1,CRA004082,"Institute of Genetics and Developmental Biology, Chinese Academy of Sciences"
CRR279088,NGDC,2021-06-18,10x genomics,CRR279088.tar,29917480960,ftp://download.big.ac.cn/gsa/CRA004082/CRR279088/CRR279088.tar,CRX235964,Leaf-1,,RNASeq,PolyA,TRANSCRIPTOMIC SINGLE CELL,Paired,,,ILLUMINA,PRJCA004855,SAMC350944,Plant sample,4530,Oryza sativa,Leaf-1,CRA004082,"Institute of Genetics and Developmental Biology, Chinese Academy of Sciences"
CRR279089,NGDC,2021-06-18,10x genomics,CRR279089.tar,24671795200,ftp://download.big.ac.cn/gsa/CRA004082/CRR279089/CRR279089.tar,CRX235964,Leaf-1,,RNASeq,PolyA,TRANSCRIPTOMIC SINGLE CELL,Paired,,,ILLUMINA,PRJCA004855,SAMC350944,Plant sample,4530,Oryza sativa,Leaf-1,CRA004082,"Institute of Genetics and Developmental Biology, Chinese Academy of Sciences"
CRR279090,NGDC,2021-06-18,10x genomics,CRR279090.tar,30327439360,ftp://download.big.ac.cn/gsa/CRA004082/CRR279090/CRR279090.tar,CRX235964,Leaf-1,,RNASeq,PolyA,TRANSCRIPTOMIC SINGLE CELL,Paired,,,ILLUMINA,PRJCA004855,SAMC350944,Plant sample,4530,Oryza sativa,Leaf-1,CRA004082,"Institute of Genetics and Developmental Biology, Chinese Academy of Sciences"
CRR279177,NGDC,2021-06-18,fastq,CRR279177_f1.fastq.gz|CRR279177_r2.fastq.gz,1743452781|1938556300,ftp://download.big.ac.cn/gsa/CRA004082/CRR279177/CRR279177_f1.fastq.gz|ftp://download.big.ac.cn/gsa/CRA004082/CRR279177/CRR279177_r2.fastq.gz,CRX235986,Post-protoplasting replicate 1,,RNASeq,PolyA,TRANSCRIPTOMIC,Paired,,,ILLUMINA,PRJCA004855,SAMC350966,Plant sample,1427524,mixed sample,Post-protoplasting replicate 1,CRA004082,"Institute of Genetics and Developmental Biology, Chinese Academy of Sciences"
CRR279103,NGDC,2021-06-18,10x genomics,CRR279103.tar,29641134080,ftp://download.big.ac.cn/gsa/CRA004082/CRR279103/CRR279103.tar,CRX235968,Seedling-1,,RNASeq,PolyA,TRANSCRIPTOMIC SINGLE CELL,Paired,,,ILLUMINA,PRJCA004855,SAMC350948,Plant sample,4530,Oryza sativa,Seedling-1,CRA004082,"Institute of Genetics and Developmental Biology, Chinese Academy of Sciences"
CRR279104,NGDC,2021-06-18,10x genomics,CRR279104.tar,25317662720,ftp://download.big.ac.cn/gsa/CRA004082/CRR279104/CRR279104.tar,CRX235968,Seedling-1,,RNASeq,PolyA,TRANSCRIPTOMIC SINGLE CELL,Paired,,,ILLUMINA,PRJCA004855,SAMC350948,Plant sample,4530,Oryza sativa,Seedling-1,CRA004082,"Institute of Genetics and Developmental Biology, Chinese Academy of Sciences"
CRR279105,NGDC,2021-06-18,10x genomics,CRR279105.tar,40048465920,ftp://download.big.ac.cn/gsa/CRA004082/CRR279105/CRR279105.tar,CRX235968,Seedling-1,,RNASeq,PolyA,TRANSCRIPTOMIC SINGLE CELL,Paired,,,ILLUMINA,PRJCA004855,SAMC350948,Plant sample,4530,Oryza sativa,Seedling-1,CRA004082,"Institute of Genetics and Developmental Biology, Chinese Academy of Sciences"
CRR279106,NGDC,2021-06-18,10x genomics,CRR279106.tar,29941350400,ftp://download.big.ac.cn/gsa/CRA004082/CRR279106/CRR279106.tar,CRX235968,Seedling-1,,RNASeq,PolyA,TRANSCRIPTOMIC SINGLE CELL,Paired,,,ILLUMINA,PRJCA004855,SAMC350948,Plant sample,4530,Oryza sativa,Seedling-1,CRA004082,"Institute of Genetics and Developmental Biology, Chinese Academy of Sciences"
CRR279123,NGDC,2021-06-18,10x genomics,CRR279123.tar,26483865600,ftp://download.big.ac.cn/gsa/CRA004082/CRR279123/CRR279123.tar,CRX235972,Seedling-2,,RNASeq,PolyA,TRANSCRIPTOMIC SINGLE CELL,Paired,,,ILLUMINA,PRJCA004855,SAMC350952,Plant sample,4530,Oryza sativa,Seedling-2,CRA004082,"Institute of Genetics and Developmental Biology, Chinese Academy of Sciences"
CRR279124,NGDC,2021-06-18,10x genomics,CRR279124.tar,26831513600,ftp://download.big.ac.cn/gsa/CRA004082/CRR279124/CRR279124.tar,CRX235972,Seedling-2,,RNASeq,PolyA,TRANSCRIPTOMIC SINGLE CELL,Paired,,,ILLUMINA,PRJCA004855,SAMC350952,Plant sample,4530,Oryza sativa,Seedling-2,CRA004082,"Institute of Genetics and Developmental Biology, Chinese Academy of Sciences"
CRR279125,NGDC,2021-06-18,10x genomics,CRR279125.tar,28225566720,ftp://download.big.ac.cn/gsa/CRA004082/CRR279125/CRR279125.tar,CRX235972,Seedling-2,,RNASeq,PolyA,TRANSCRIPTOMIC SINGLE CELL,Paired,,,ILLUMINA,PRJCA004855,SAMC350952,Plant sample,4530,Oryza sativa,Seedling-2,CRA004082,"Institute of Genetics and Developmental Biology, Chinese Academy of Sciences"
CRR279126,NGDC,2021-06-18,10x genomics,CRR279126.tar,23175823360,ftp://download.big.ac.cn/gsa/CRA004082/CRR279126/CRR279126.tar,CRX235972,Seedling-2,,RNASeq,PolyA,TRANSCRIPTOMIC SINGLE CELL,Paired,,,ILLUMINA,PRJCA004855,SAMC350952,Plant sample,4530,Oryza sativa,Seedling-2,CRA004082,"Institute of Genetics and Developmental Biology, Chinese Academy of Sciences"
CRR279135,NGDC,2021-06-18,10x genomics,CRR279135.tar,16893716480,ftp://download.big.ac.cn/gsa/CRA004082/CRR279135/CRR279135.tar,CRX235974,HS-2,,RNASeq,PolyA,TRANSCRIPTOMIC SINGLE CELL,Paired,,,ILLUMINA,PRJCA004855,SAMC350954,Plant sample,4530,Oryza sativa,HS-2,CRA004082,"Institute of Genetics and Developmental Biology, Chinese Academy of Sciences"
CRR279136,NGDC,2021-06-18,10x genomics,CRR279136.tar,16396963840,ftp://download.big.ac.cn/gsa/CRA004082/CRR279136/CRR279136.tar,CRX235974,HS-2,,RNASeq,PolyA,TRANSCRIPTOMIC SINGLE CELL,Paired,,,ILLUMINA,PRJCA004855,SAMC350954,Plant sample,4530,Oryza sativa,HS-2,CRA004082,"Institute of Genetics and Developmental Biology, Chinese Academy of Sciences"
CRR279137,NGDC,2021-06-18,10x genomics,CRR279137.tar,15170856960,ftp://download.big.ac.cn/gsa/CRA004082/CRR279137/CRR279137.tar,CRX235974,HS-2,,RNASeq,PolyA,TRANSCRIPTOMIC SINGLE CELL,Paired,,,ILLUMINA,PRJCA004855,SAMC350954,Plant sample,4530,Oryza sativa,HS-2,CRA004082,"Institute of Genetics and Developmental Biology, Chinese Academy of Sciences"
CRR279138,NGDC,2021-06-18,10x genomics,CRR279138.tar,19686440960,ftp://download.big.ac.cn/gsa/CRA004082/CRR279138/CRR279138.tar,CRX235974,HS-2,,RNASeq,PolyA,TRANSCRIPTOMIC SINGLE CELL,Paired,,,ILLUMINA,PRJCA004855,SAMC350954,Plant sample,4530,Oryza sativa,HS-2,CRA004082,"Institute of Genetics and Developmental Biology, Chinese Academy of Sciences"
CRR279095,NGDC,2021-06-18,10x genomics,CRR279095.tar,22205583360,ftp://download.big.ac.cn/gsa/CRA004082/CRR279095/CRR279095.tar,CRX235966,Root-1,,RNASeq,PolyA,TRANSCRIPTOMIC SINGLE CELL,Paired,,,ILLUMINA,PRJCA004855,SAMC350946,Plant sample,4530,Oryza sativa,Root-1,CRA004082,"Institute of Genetics and Developmental Biology, Chinese Academy of Sciences"
CRR279096,NGDC,2021-06-18,10x genomics,CRR279096.tar,25918412800,ftp://download.big.ac.cn/gsa/CRA004082/CRR279096/CRR279096.tar,CRX235966,Root-1,,RNASeq,PolyA,TRANSCRIPTOMIC SINGLE CELL,Paired,,,ILLUMINA,PRJCA004855,SAMC350946,Plant sample,4530,Oryza sativa,Root-1,CRA004082,"Institute of Genetics and Developmental Biology, Chinese Academy of Sciences"
CRR279097,NGDC,2021-06-18,10x genomics,CRR279097.tar,29162270720,ftp://download.big.ac.cn/gsa/CRA004082/CRR279097/CRR279097.tar,CRX235966,Root-1,,RNASeq,PolyA,TRANSCRIPTOMIC SINGLE CELL,Paired,,,ILLUMINA,PRJCA004855,SAMC350946,Plant sample,4530,Oryza sativa,Root-1,CRA004082,"Institute of Genetics and Developmental Biology, Chinese Academy of Sciences"
CRR279098,NGDC,2021-06-18,10x genomics,CRR279098.tar,9782077440,ftp://download.big.ac.cn/gsa/CRA004082/CRR279098/CRR279098.tar,CRX235966,Root-1,,RNASeq,PolyA,TRANSCRIPTOMIC SINGLE CELL,Paired,,,ILLUMINA,PRJCA004855,SAMC350946,Plant sample,4530,Oryza sativa,Root-1,CRA004082,"Institute of Genetics and Developmental Biology, Chinese Academy of Sciences"
CRR279099,NGDC,2021-06-18,10x genomics,CRR279099.tar,13110466560,ftp://download.big.ac.cn/gsa/CRA004082/CRR279099/CRR279099.tar,CRX235967,Root-2,,RNASeq,PolyA,TRANSCRIPTOMIC SINGLE CELL,Paired,,,ILLUMINA,PRJCA004855,SAMC350947,Plant sample,4530,Oryza sativa,Root-2,CRA004082,"Institute of Genetics and Developmental Biology, Chinese Academy of Sciences"
CRR279100,NGDC,2021-06-18,10x genomics,CRR279100.tar,16355932160,ftp://download.big.ac.cn/gsa/CRA004082/CRR279100/CRR279100.tar,CRX235967,Root-2,,RNASeq,PolyA,TRANSCRIPTOMIC SINGLE CELL,Paired,,,ILLUMINA,PRJCA004855,SAMC350947,Plant sample,4530,Oryza sativa,Root-2,CRA004082,"Institute of Genetics and Developmental Biology, Chinese Academy of Sciences"
CRR279101,NGDC,2021-06-18,10x genomics,CRR279101.tar,14774876160,ftp://download.big.ac.cn/gsa/CRA004082/CRR279101/CRR279101.tar,CRX235967,Root-2,,RNASeq,PolyA,TRANSCRIPTOMIC SINGLE CELL,Paired,,,ILLUMINA,PRJCA004855,SAMC350947,Plant sample,4530,Oryza sativa,Root-2,CRA004082,"Institute of Genetics and Developmental Biology, Chinese Academy of Sciences"
CRR279102,NGDC,2021-06-18,10x genomics,CRR279102.tar,14039582720,ftp://download.big.ac.cn/gsa/CRA004082/CRR279102/CRR279102.tar,CRX235967,Root-2,,RNASeq,PolyA,TRANSCRIPTOMIC SINGLE CELL,Paired,,,ILLUMINA,PRJCA004855,SAMC350947,Plant sample,4530,Oryza sativa,Root-2,CRA004082,"Institute of Genetics and Developmental Biology, Chinese Academy of Sciences"
CRR279115,NGDC,2021-06-18,10x genomics,CRR279115.tar,20740536320,ftp://download.big.ac.cn/gsa/CRA004082/CRR279115/CRR279115.tar,CRX235971,ID-1,,RNASeq,PolyA,TRANSCRIPTOMIC SINGLE CELL,Paired,,,ILLUMINA,PRJCA004855,SAMC350951,Plant sample,4530,Oryza sativa,ID-1,CRA004082,"Institute of Genetics and Developmental Biology, Chinese Academy of Sciences"
CRR279116,NGDC,2021-06-18,10x genomics,CRR279116.tar,20193873920,ftp://download.big.ac.cn/gsa/CRA004082/CRR279116/CRR279116.tar,CRX235971,ID-1,,RNASeq,PolyA,TRANSCRIPTOMIC SINGLE CELL,Paired,,,ILLUMINA,PRJCA004855,SAMC350951,Plant sample,4530,Oryza sativa,ID-1,CRA004082,"Institute of Genetics and Developmental Biology, Chinese Academy of Sciences"
CRR279117,NGDC,2021-06-18,10x genomics,CRR279117.tar,18700902400,ftp://download.big.ac.cn/gsa/CRA004082/CRR279117/CRR279117.tar,CRX235971,ID-1,,RNASeq,PolyA,TRANSCRIPTOMIC SINGLE CELL,Paired,,,ILLUMINA,PRJCA004855,SAMC350951,Plant sample,4530,Oryza sativa,ID-1,CRA004082,"Institute of Genetics and Developmental Biology, Chinese Academy of Sciences"
CRR279118,NGDC,2021-06-18,10x genomics,CRR279118.tar,23981905920,ftp://download.big.ac.cn/gsa/CRA004082/CRR279118/CRR279118.tar,CRX235971,ID-1,,RNASeq,PolyA,TRANSCRIPTOMIC SINGLE CELL,Paired,,,ILLUMINA,PRJCA004855,SAMC350951,Plant sample,4530,Oryza sativa,ID-1,CRA004082,"Institute of Genetics and Developmental Biology, Chinese Academy of Sciences"
CRR279119,NGDC,2021-06-18,10x genomics,CRR279119.tar,2465280000,ftp://download.big.ac.cn/gsa/CRA004082/CRR279119/CRR279119.tar,CRX235971,ID-1,,RNASeq,PolyA,TRANSCRIPTOMIC SINGLE CELL,Paired,,,ILLUMINA,PRJCA004855,SAMC350951,Plant sample,4530,Oryza sativa,ID-1,CRA004082,"Institute of Genetics and Developmental Biology, Chinese Academy of Sciences"
CRR279120,NGDC,2021-06-18,10x genomics,CRR279120.tar,2364733440,ftp://download.big.ac.cn/gsa/CRA004082/CRR279120/CRR279120.tar,CRX235971,ID-1,,RNASeq,PolyA,TRANSCRIPTOMIC SINGLE CELL,Paired,,,ILLUMINA,PRJCA004855,SAMC350951,Plant sample,4530,Oryza sativa,ID-1,CRA004082,"Institute of Genetics and Developmental Biology, Chinese Academy of Sciences"
CRR279121,NGDC,2021-06-18,10x genomics,CRR279121.tar,2200186880,ftp://download.big.ac.cn/gsa/CRA004082/CRR279121/CRR279121.tar,CRX235971,ID-1,,RNASeq,PolyA,TRANSCRIPTOMIC SINGLE CELL,Paired,,,ILLUMINA,PRJCA004855,SAMC350951,Plant sample,4530,Oryza sativa,ID-1,CRA004082,"Institute of Genetics and Developmental Biology, Chinese Academy of Sciences"
CRR279122,NGDC,2021-06-18,10x genomics,CRR279122.tar,2834708480,ftp://download.big.ac.cn/gsa/CRA004082/CRR279122/CRR279122.tar,CRX235971,ID-1,,RNASeq,PolyA,TRANSCRIPTOMIC SINGLE CELL,Paired,,,ILLUMINA,PRJCA004855,SAMC350951,Plant sample,4530,Oryza sativa,ID-1,CRA004082,"Institute of Genetics and Developmental Biology, Chinese Academy of Sciences"
CRR279155,NGDC,2021-06-18,10x genomics,CRR279155.tar,31963289600,ftp://download.big.ac.cn/gsa/CRA004082/CRR279155/CRR279155.tar,CRX235979,ID-3,,RNASeq,PolyA,TRANSCRIPTOMIC SINGLE CELL,Paired,,,ILLUMINA,PRJCA004855,SAMC350959,Plant sample,4530,Oryza sativa,ID-3,CRA004082,"Institute of Genetics and Developmental Biology, Chinese Academy of Sciences"
CRR279156,NGDC,2021-06-18,10x genomics,CRR279156.tar,29546792960,ftp://download.big.ac.cn/gsa/CRA004082/CRR279156/CRR279156.tar,CRX235979,ID-3,,RNASeq,PolyA,TRANSCRIPTOMIC SINGLE CELL,Paired,,,ILLUMINA,PRJCA004855,SAMC350959,Plant sample,4530,Oryza sativa,ID-3,CRA004082,"Institute of Genetics and Developmental Biology, Chinese Academy of Sciences"
CRR279157,NGDC,2021-06-18,10x genomics,CRR279157.tar,28673863680,ftp://download.big.ac.cn/gsa/CRA004082/CRR279157/CRR279157.tar,CRX235979,ID-3,,RNASeq,PolyA,TRANSCRIPTOMIC SINGLE CELL,Paired,,,ILLUMINA,PRJCA004855,SAMC350959,Plant sample,4530,Oryza sativa,ID-3,CRA004082,"Institute of Genetics and Developmental Biology, Chinese Academy of Sciences"
CRR279158,NGDC,2021-06-18,10x genomics,CRR279158.tar,30585057280,ftp://download.big.ac.cn/gsa/CRA004082/CRR279158/CRR279158.tar,CRX235979,ID-3,,RNASeq,PolyA,TRANSCRIPTOMIC SINGLE CELL,Paired,,,ILLUMINA,PRJCA004855,SAMC350959,Plant sample,4530,Oryza sativa,ID-3,CRA004082,"Institute of Genetics and Developmental Biology, Chinese Academy of Sciences"
CRR279171,NGDC,2021-06-18,10x genomics,CRR279171.tar,76696238080,ftp://download.big.ac.cn/gsa/CRA004082/CRR279171/CRR279171.tar,CRX235983,ID-4,,RNASeq,PolyA,TRANSCRIPTOMIC SINGLE CELL,Paired,,,ILLUMINA,PRJCA004855,SAMC350963,Plant sample,4530,Oryza sativa,ID-4,CRA004082,"Institute of Genetics and Developmental Biology, Chinese Academy of Sciences"
CRR279172,NGDC,2021-06-18,10x genomics,CRR279172.tar,81975623680,ftp://download.big.ac.cn/gsa/CRA004082/CRR279172/CRR279172.tar,CRX235983,ID-4,,RNASeq,PolyA,TRANSCRIPTOMIC SINGLE CELL,Paired,,,ILLUMINA,PRJCA004855,SAMC350963,Plant sample,4530,Oryza sativa,ID-4,CRA004082,"Institute of Genetics and Developmental Biology, Chinese Academy of Sciences"
CRR279173,NGDC,2021-06-18,10x genomics,CRR279173.tar,79556648960,ftp://download.big.ac.cn/gsa/CRA004082/CRR279173/CRR279173.tar,CRX235983,ID-4,,RNASeq,PolyA,TRANSCRIPTOMIC SINGLE CELL,Paired,,,ILLUMINA,PRJCA004855,SAMC350963,Plant sample,4530,Oryza sativa,ID-4,CRA004082,"Institute of Genetics and Developmental Biology, Chinese Academy of Sciences"
CRR279174,NGDC,2021-06-18,10x genomics,CRR279174.tar,88701552640,ftp://download.big.ac.cn/gsa/CRA004082/CRR279174/CRR279174.tar,CRX235983,ID-4,,RNASeq,PolyA,TRANSCRIPTOMIC SINGLE CELL,Paired,,,ILLUMINA,PRJCA004855,SAMC350963,Plant sample,4530,Oryza sativa,ID-4,CRA004082,"Institute of Genetics and Developmental Biology, Chinese Academy of Sciences"
CRR279175,NGDC,2021-06-18,fastq,CRR279175_f1.fastq.gz|CRR279175_r2.fastq.gz,2630155981|2887864448,ftp://download.big.ac.cn/gsa/CRA004082/CRR279175/CRR279175_f1.fastq.gz|ftp://download.big.ac.cn/gsa/CRA004082/CRR279175/CRR279175_r2.fastq.gz,CRX235984,Pre-protoplasting replicate 1,,RNASeq,PolyA,TRANSCRIPTOMIC,Paired,,,ILLUMINA,PRJCA004855,SAMC350964,Plant sample,1427524,mixed sample,Pre-protoplasting replicate 1,CRA004082,"Institute of Genetics and Developmental Biology, Chinese Academy of Sciences"
